domain,mode,condition,goal_reached,convo_length,average_search_time,number_jumps,number_redundant
bank,dynamic,none,TRUE,8,0.06,0,0
bank,dynamic,none,TRUE,12,0.06,0,0
bank,dynamic,none,TRUE,5,0.04,0,0
bank,dynamic,none,TRUE,8,0.07,0,0
bank,dynamic,none,TRUE,8,0.06,0,0
bank,dynamic,none,TRUE,6,0.05,0,0
bank,dynamic,none,TRUE,10,0.06,0,0
bank,dynamic,none,TRUE,9,0.06,0,0
bank,dynamic,none,TRUE,10,0.05,0,0
bank,dynamic,none,TRUE,11,0.06,0,0
bank,dynamic,none,TRUE,11,0.06,0,0
bank,dynamic,none,TRUE,9,0.06,0,0
bank,dynamic,none,TRUE,9,0.05,0,0
bank,dynamic,none,TRUE,9,0.05,0,0
bank,dynamic,none,TRUE,10,0.05,0,0
bank,dynamic,none,TRUE,12,0.07,0,0
bank,dynamic,none,TRUE,12,0.06,0,0
bank,dynamic,none,TRUE,13,0.06,0,0
bank,dynamic,none,TRUE,6,0.05,0,0
bank,dynamic,none,TRUE,11,0.05,0,0
bank,dynamic,none,TRUE,6,0.05,0,0
bank,dynamic,none,TRUE,10,0.05,0,0
bank,dynamic,none,TRUE,5,0.04,0,0
bank,dynamic,none,TRUE,7,0.05,0,0
bank,dynamic,none,TRUE,12,0.06,0,0
bank,dynamic,none,TRUE,10,0.05,0,0
bank,dynamic,none,TRUE,9,0.05,0,0
bank,dynamic,none,TRUE,9,0.06,0,0
bank,dynamic,none,TRUE,10,0.06,0,0
bank,dynamic,none,TRUE,9,0.06,0,0
bank,dynamic,none,TRUE,6,0.06,0,0
bank,dynamic,none,TRUE,9,0.05,0,0
bank,dynamic,none,TRUE,8,0.05,0,0
bank,dynamic,none,TRUE,5,0.04,0,0
bank,dynamic,none,TRUE,6,0.04,0,0
bank,dynamic,none,TRUE,12,0.06,0,0
bank,dynamic,none,TRUE,10,0.05,0,0
bank,dynamic,none,TRUE,9,0.06,0,0
bank,dynamic,none,TRUE,8,0.05,0,0
bank,dynamic,none,TRUE,11,0.06,0,0
bank,dynamic,none,TRUE,13,0.05,0,0
bank,dynamic,none,TRUE,8,0.06,0,0
bank,dynamic,none,TRUE,10,0.05,0,0
bank,dynamic,none,TRUE,7,0.06,0,0
bank,dynamic,none,TRUE,8,0.06,0,0
bank,dynamic,none,TRUE,11,0.05,0,0
bank,dynamic,none,TRUE,9,0.05,0,0
bank,dynamic,none,TRUE,6,0.05,0,0
bank,dynamic,none,TRUE,9,0.06,0,0
bank,dynamic,none,TRUE,7,0.05,0,0
bank,dynamic,one,TRUE,10,0.05,1,2
bank,dynamic,one,TRUE,6,0.05,1,0
bank,dynamic,one,TRUE,9,0.06,1,0
bank,dynamic,one,TRUE,5,0.08,2,0
bank,dynamic,one,TRUE,6,0.05,0,0
bank,dynamic,one,TRUE,10,0.05,0,0
bank,dynamic,one,TRUE,8,0.05,2,2
bank,dynamic,one,TRUE,9,0.06,1,0
bank,dynamic,one,TRUE,11,0.05,1,2
bank,dynamic,one,TRUE,6,0.06,2,0
bank,dynamic,one,TRUE,5,0.05,0,0
bank,dynamic,one,TRUE,11,0.05,1,2
bank,dynamic,one,TRUE,7,0.05,1,0
bank,dynamic,one,TRUE,8,0.06,2,0
bank,dynamic,one,TRUE,5,0.05,1,0
bank,dynamic,one,TRUE,6,0.05,2,0
bank,dynamic,one,TRUE,9,0.06,1,4
bank,dynamic,one,TRUE,6,0.05,3,0
bank,dynamic,one,TRUE,8,0.06,3,0
bank,dynamic,one,TRUE,8,0.05,2,2
bank,dynamic,one,TRUE,9,0.05,0,0
bank,dynamic,one,TRUE,8,0.06,1,2
bank,dynamic,one,TRUE,9,0.06,1,2
bank,dynamic,one,TRUE,6,0.05,2,0
bank,dynamic,one,TRUE,8,0.08,0,0
bank,dynamic,one,TRUE,6,0.05,2,0
bank,dynamic,one,TRUE,7,0.06,1,0
bank,dynamic,one,TRUE,10,0.09,2,2
bank,dynamic,one,TRUE,6,0.06,1,0
bank,dynamic,one,TRUE,7,0.06,1,0
bank,dynamic,one,TRUE,7,0.06,3,0
bank,dynamic,one,TRUE,8,0.06,1,0
bank,dynamic,one,TRUE,6,0.05,1,0
bank,dynamic,one,TRUE,10,0.05,0,2
bank,dynamic,one,TRUE,7,0.05,1,0
bank,dynamic,one,TRUE,6,0.05,0,0
bank,dynamic,one,TRUE,6,0.05,2,0
bank,dynamic,one,TRUE,6,0.05,2,0
bank,dynamic,one,TRUE,8,0.06,1,0
bank,dynamic,one,TRUE,8,0.05,1,0
bank,dynamic,one,TRUE,10,0.06,1,0
bank,dynamic,one,TRUE,5,0.05,0,0
bank,dynamic,one,TRUE,6,0.05,2,0
bank,dynamic,one,TRUE,7,0.05,2,0
bank,dynamic,one,TRUE,7,0.05,3,0
bank,dynamic,one,TRUE,10,0.06,2,0
bank,dynamic,one,TRUE,7,0.05,1,0
bank,dynamic,one,TRUE,7,0.05,0,0
bank,dynamic,one,TRUE,9,0.05,0,0
bank,dynamic,one,TRUE,7,0.06,1,0
bank,dynamic,two,TRUE,7,0.06,2,0
bank,dynamic,two,TRUE,5,0.05,3,0
bank,dynamic,two,TRUE,8,0.06,3,2
bank,dynamic,two,TRUE,7,0.06,1,0
bank,dynamic,two,TRUE,7,0.05,1,2
bank,dynamic,two,TRUE,7,0.05,2,0
bank,dynamic,two,TRUE,5,0.05,2,0
bank,dynamic,two,TRUE,6,0.06,2,2
bank,dynamic,two,TRUE,7,0.06,2,2
bank,dynamic,two,TRUE,5,0.05,3,0
bank,dynamic,two,TRUE,8,0.06,1,0
bank,dynamic,two,TRUE,5,0.06,1,0
bank,dynamic,two,TRUE,6,0.05,2,0
bank,dynamic,two,TRUE,11,0.05,2,4
bank,dynamic,two,TRUE,8,0.06,1,0
bank,dynamic,two,TRUE,6,0.05,4,0
bank,dynamic,two,TRUE,6,0.05,1,0
bank,dynamic,two,TRUE,9,0.06,1,2
bank,dynamic,two,TRUE,8,0.05,2,2
bank,dynamic,two,TRUE,9,0.06,1,0
bank,dynamic,two,TRUE,5,0.05,1,0
bank,dynamic,two,TRUE,9,0.06,0,2
bank,dynamic,two,TRUE,7,0.06,2,2
bank,dynamic,two,TRUE,7,0.06,0,0
bank,dynamic,two,TRUE,9,0.05,3,2
bank,dynamic,two,TRUE,9,0.05,2,2
bank,dynamic,two,TRUE,7,0.06,2,2
bank,dynamic,two,TRUE,6,0.05,2,0
bank,dynamic,two,TRUE,7,0.05,0,0
bank,dynamic,two,TRUE,8,0.06,2,2
bank,dynamic,two,TRUE,6,0.06,2,0
bank,dynamic,two,TRUE,7,0.05,3,2
bank,dynamic,two,TRUE,6,0.06,2,0
bank,dynamic,two,TRUE,8,0.06,1,0
bank,dynamic,two,TRUE,7,0.06,3,2
bank,dynamic,two,TRUE,7,0.05,1,0
bank,dynamic,two,TRUE,7,0.06,0,0
bank,dynamic,two,TRUE,5,0.05,1,0
bank,dynamic,two,TRUE,10,0.05,1,4
bank,dynamic,two,TRUE,5,0.05,1,0
bank,dynamic,two,TRUE,5,0.05,1,0
bank,dynamic,two,TRUE,5,0.05,2,0
bank,dynamic,two,TRUE,7,0.05,3,0
bank,dynamic,two,TRUE,7,0.05,1,2
bank,dynamic,two,TRUE,5,0.05,1,0
bank,dynamic,two,TRUE,5,0.06,2,0
bank,dynamic,two,TRUE,5,0.05,1,0
bank,dynamic,two,TRUE,9,0.06,1,0
bank,dynamic,two,TRUE,7,0.05,2,0
bank,dynamic,two,TRUE,6,0.05,2,0
bank,dynamic,three,TRUE,7,0.06,2,0
bank,dynamic,three,TRUE,7,0.07,2,2
bank,dynamic,three,TRUE,5,0.08,3,0
bank,dynamic,three,TRUE,7,0.12,1,2
bank,dynamic,three,TRUE,5,0.06,2,0
bank,dynamic,three,TRUE,5,0.1,2,0
bank,dynamic,three,TRUE,5,0.06,1,0
bank,dynamic,three,TRUE,7,0.06,2,0
bank,dynamic,three,TRUE,8,0.07,3,0
bank,dynamic,three,TRUE,7,0.06,1,0
bank,dynamic,three,TRUE,6,0.06,1,0
bank,dynamic,three,TRUE,6,0.06,2,0
bank,dynamic,three,TRUE,8,0.06,2,2
bank,dynamic,three,TRUE,7,0.07,4,2
bank,dynamic,three,TRUE,5,0.06,1,0
bank,dynamic,three,TRUE,10,0.07,2,2
bank,dynamic,three,TRUE,8,0.07,1,0
bank,dynamic,three,TRUE,5,0.05,1,0
bank,dynamic,three,TRUE,5,0.06,2,0
bank,dynamic,three,TRUE,7,0.06,2,0
bank,dynamic,three,TRUE,6,0.07,1,2
bank,dynamic,three,TRUE,9,0.06,2,2
bank,dynamic,three,TRUE,5,0.18,1,0
bank,dynamic,three,TRUE,8,0.07,2,0
bank,dynamic,three,TRUE,5,0.07,2,0
bank,dynamic,three,TRUE,10,0.07,1,0
bank,dynamic,three,TRUE,7,0.06,2,0
bank,dynamic,three,TRUE,7,0.07,2,0
bank,dynamic,three,TRUE,10,0.06,2,4
bank,dynamic,three,TRUE,7,0.06,3,2
bank,dynamic,three,TRUE,6,0.06,2,0
bank,dynamic,three,TRUE,5,0.07,3,0
bank,dynamic,three,TRUE,9,0.06,2,2
bank,dynamic,three,TRUE,5,0.06,1,0
bank,dynamic,three,TRUE,11,0.06,1,2
bank,dynamic,three,TRUE,5,0.06,3,0
bank,dynamic,three,TRUE,5,0.07,2,0
bank,dynamic,three,TRUE,6,0.07,2,0
bank,dynamic,three,TRUE,8,0.06,2,2
bank,dynamic,three,TRUE,5,0.06,3,0
bank,dynamic,three,TRUE,10,0.07,2,2
bank,dynamic,three,TRUE,5,0.05,1,0
bank,dynamic,three,TRUE,6,0.07,4,2
bank,dynamic,three,TRUE,5,0.06,3,0
bank,dynamic,three,TRUE,6,0.06,3,0
bank,dynamic,three,TRUE,5,0.05,2,0
bank,dynamic,three,TRUE,9,0.11,0,2
bank,dynamic,three,TRUE,9,0.06,1,2
bank,dynamic,three,TRUE,9,0.07,1,0
bank,dynamic,three,TRUE,5,0.06,2,0
bank,static,none,TRUE,6,0.02,0,0
bank,static,none,TRUE,8,0.02,0,0
bank,static,none,TRUE,9,0.02,0,0
bank,static,none,TRUE,11,0.02,0,0
bank,static,none,TRUE,6,0.02,0,0
bank,static,none,TRUE,8,0.02,0,0
bank,static,none,TRUE,9,0.02,0,0
bank,static,none,TRUE,11,0.02,0,0
bank,static,none,TRUE,8,0.02,0,0
bank,static,none,TRUE,12,0.03,0,0
bank,static,none,TRUE,12,0.02,0,0
bank,static,none,TRUE,12,0.02,0,0
bank,static,none,TRUE,7,0.02,0,0
bank,static,none,TRUE,6,0.02,0,0
bank,static,none,TRUE,12,0.02,0,0
bank,static,none,TRUE,7,0.02,0,0
bank,static,none,TRUE,7,0.02,0,0
bank,static,none,TRUE,8,0.02,0,0
bank,static,none,TRUE,10,0.02,0,0
bank,static,none,TRUE,9,0.02,0,0
bank,static,none,TRUE,11,0.02,0,0
bank,static,none,TRUE,8,0.02,0,0
bank,static,none,TRUE,8,0.02,0,0
bank,static,none,TRUE,8,0.02,0,0
bank,static,none,TRUE,8,0.02,0,0
bank,static,none,TRUE,12,0.04,0,0
bank,static,none,TRUE,9,0.02,0,0
bank,static,none,TRUE,11,0.02,0,0
bank,static,none,TRUE,8,0.02,0,0
bank,static,none,TRUE,10,0.02,0,0
bank,static,none,TRUE,7,0.02,0,0
bank,static,none,TRUE,7,0.02,0,0
bank,static,none,TRUE,9,0.03,0,0
bank,static,none,TRUE,10,0.02,0,0
bank,static,none,TRUE,10,0.02,0,0
bank,static,none,TRUE,10,0.03,0,0
bank,static,none,TRUE,9,0.02,0,0
bank,static,none,TRUE,10,0.03,0,0
bank,static,none,TRUE,11,0.02,0,0
bank,static,none,TRUE,7,0.02,0,0
bank,static,none,TRUE,10,0.03,0,0
bank,static,none,TRUE,9,0.02,0,0
bank,static,none,TRUE,8,0.02,0,0
bank,static,none,TRUE,11,0.02,0,0
bank,static,none,TRUE,10,0.02,0,0
bank,static,none,TRUE,11,0.02,0,0
bank,static,none,TRUE,8,0.02,0,0
bank,static,none,TRUE,11,0.03,0,0
bank,static,none,TRUE,7,0.02,0,0
bank,static,none,TRUE,8,0.02,0,0
bank,static,one,TRUE,12,0.03,0,2
bank,static,one,TRUE,9,0.03,0,0
bank,static,one,TRUE,9,0.03,0,0
bank,static,one,TRUE,6,0.02,0,0
bank,static,one,TRUE,7,0.03,0,0
bank,static,one,TRUE,9,0.03,0,0
bank,static,one,TRUE,11,0.03,0,2
bank,static,one,TRUE,6,0.02,0,0
bank,static,one,TRUE,7,0.02,0,2
bank,static,one,TRUE,8,0.03,0,0
bank,static,one,TRUE,10,0.03,0,2
bank,static,one,TRUE,11,0.03,0,0
bank,static,one,TRUE,7,0.02,0,0
bank,static,one,TRUE,8,0.02,0,0
bank,static,one,TRUE,6,0.03,0,0
bank,static,one,TRUE,8,0.03,0,0
bank,static,one,TRUE,11,0.03,0,2
bank,static,one,TRUE,7,0.03,0,2
bank,static,one,TRUE,13,0.03,0,0
bank,static,one,TRUE,8,0.03,0,0
bank,static,one,TRUE,8,0.03,0,0
bank,static,one,TRUE,8,0.03,0,0
bank,static,one,TRUE,9,0.03,0,0
bank,static,one,TRUE,6,0.02,0,0
bank,static,one,TRUE,9,0.03,0,2
bank,static,one,TRUE,9,0.03,0,2
bank,static,one,TRUE,9,0.03,0,0
bank,static,one,TRUE,9,0.03,0,0
bank,static,one,TRUE,10,0.03,0,2
bank,static,one,TRUE,6,0.02,0,0
bank,static,one,TRUE,10,0.03,0,0
bank,static,one,TRUE,9,0.03,0,0
bank,static,one,TRUE,8,0.03,0,0
bank,static,one,TRUE,8,0.03,0,2
bank,static,one,TRUE,8,0.03,0,0
bank,static,one,TRUE,10,0.03,0,2
bank,static,one,TRUE,12,0.03,0,2
bank,static,one,TRUE,9,0.02,0,2
bank,static,one,TRUE,10,0.03,0,0
bank,static,one,TRUE,8,0.02,0,2
bank,static,one,TRUE,9,0.02,0,0
bank,static,one,TRUE,7,0.02,0,0
bank,static,one,TRUE,9,0.03,0,0
bank,static,one,TRUE,9,0.03,0,2
bank,static,one,TRUE,10,0.03,0,2
bank,static,one,TRUE,8,0.03,0,0
bank,static,one,TRUE,8,0.02,0,2
bank,static,one,TRUE,9,0.03,0,2
bank,static,one,TRUE,13,0.03,0,0
bank,static,one,TRUE,6,0.02,0,0
bank,static,two,TRUE,7,0.03,0,0
bank,static,two,TRUE,7,0.02,0,0
bank,static,two,TRUE,10,0.03,0,2
bank,static,two,TRUE,9,0.03,0,2
bank,static,two,TRUE,10,0.05,0,2
bank,static,two,TRUE,8,0.02,0,0
bank,static,two,TRUE,11,0.03,0,2
bank,static,two,TRUE,10,0.03,0,2
bank,static,two,TRUE,7,0.03,0,2
bank,static,two,TRUE,11,0.03,0,2
bank,static,two,TRUE,6,0.02,0,0
bank,static,two,TRUE,11,0.03,0,2
bank,static,two,TRUE,6,0.02,0,0
bank,static,two,TRUE,13,0.03,0,2
bank,static,two,TRUE,11,0.03,0,2
bank,static,two,TRUE,12,0.03,0,2
bank,static,two,TRUE,10,0.03,0,2
bank,static,two,TRUE,8,0.02,0,2
bank,static,two,TRUE,10,0.03,0,2
bank,static,two,TRUE,10,0.03,0,0
bank,static,two,TRUE,8,0.03,0,0
bank,static,two,TRUE,8,0.03,0,0
bank,static,two,TRUE,7,0.03,0,0
bank,static,two,TRUE,9,0.03,0,0
bank,static,two,TRUE,5,0.02,0,0
bank,static,two,TRUE,10,0.03,0,0
bank,static,two,TRUE,8,0.02,0,2
bank,static,two,TRUE,10,0.03,0,2
bank,static,two,TRUE,9,0.03,0,0
bank,static,two,TRUE,11,0.03,0,2
bank,static,two,TRUE,8,0.03,0,2
bank,static,two,TRUE,7,0.03,0,2
bank,static,two,TRUE,6,0.02,0,0
bank,static,two,TRUE,8,0.03,0,0
bank,static,two,TRUE,8,0.03,0,0
bank,static,two,TRUE,7,0.02,0,0
bank,static,two,TRUE,10,0.03,0,2
bank,static,two,TRUE,9,0.03,0,0
bank,static,two,TRUE,11,0.03,0,0
bank,static,two,TRUE,8,0.03,0,2
bank,static,two,TRUE,13,0.03,0,4
bank,static,two,TRUE,9,0.03,0,0
bank,static,two,TRUE,6,0.02,0,0
bank,static,two,TRUE,10,0.03,0,2
bank,static,two,TRUE,10,0.02,0,4
bank,static,two,TRUE,6,0.02,0,0
bank,static,two,TRUE,7,0.02,0,0
bank,static,two,TRUE,10,0.03,0,0
bank,static,two,TRUE,11,0.03,0,2
bank,static,two,TRUE,10,0.03,0,4
bank,static,three,TRUE,8,0.03,0,0
bank,static,three,TRUE,12,0.03,0,4
bank,static,three,TRUE,9,0.03,0,0
bank,static,three,TRUE,9,0.03,0,2
bank,static,three,TRUE,10,0.03,0,2
bank,static,three,TRUE,8,0.03,0,0
bank,static,three,TRUE,7,0.02,0,0
bank,static,three,TRUE,13,0.03,0,4
bank,static,three,TRUE,13,0.03,0,4
bank,static,three,TRUE,5,0.02,0,0
bank,static,three,TRUE,10,0.03,0,4
bank,static,three,TRUE,6,0.02,0,0
bank,static,three,TRUE,9,0.03,0,2
bank,static,three,TRUE,5,0.02,0,0
bank,static,three,TRUE,8,0.03,0,2
bank,static,three,TRUE,7,0.03,0,2
bank,static,three,TRUE,9,0.03,0,0
bank,static,three,TRUE,7,0.02,0,0
bank,static,three,TRUE,10,0.03,0,2
bank,static,three,TRUE,9,0.03,0,0
bank,static,three,TRUE,10,0.03,0,2
bank,static,three,TRUE,8,0.03,0,0
bank,static,three,TRUE,9,0.03,0,4
bank,static,three,TRUE,5,0.02,0,0
bank,static,three,TRUE,8,0.02,0,2
bank,static,three,TRUE,10,0.03,0,2
bank,static,three,TRUE,9,0.03,0,2
bank,static,three,TRUE,8,0.02,0,2
bank,static,three,TRUE,7,0.02,0,2
bank,static,three,TRUE,12,0.03,0,4
bank,static,three,TRUE,11,0.03,0,2
bank,static,three,TRUE,11,0.03,0,2
bank,static,three,TRUE,10,0.03,0,0
bank,static,three,TRUE,12,0.03,0,4
bank,static,three,TRUE,7,0.03,0,0
bank,static,three,TRUE,6,0.02,0,0
bank,static,three,TRUE,8,0.03,0,0
bank,static,three,TRUE,14,0.03,0,4
bank,static,three,TRUE,9,0.02,0,2
bank,static,three,TRUE,10,0.03,0,2
bank,static,three,TRUE,11,0.03,0,2
bank,static,three,TRUE,7,0.03,0,2
bank,static,three,TRUE,5,0.02,0,0
bank,static,three,TRUE,8,0.03,0,2
bank,static,three,TRUE,6,0.02,0,0
bank,static,three,TRUE,8,0.02,0,0
bank,static,three,TRUE,8,0.03,0,2
bank,static,three,TRUE,6,0.02,0,0
bank,static,three,TRUE,7,0.02,0,0
bank,static,three,TRUE,11,0.03,0,4
gold,dynamic,none,TRUE,7,0.06,2,0
gold,dynamic,none,TRUE,5,0.08,0,0
gold,dynamic,none,TRUE,6,0.07,0,0
gold,dynamic,none,TRUE,8,0.11,2,0
gold,dynamic,none,TRUE,6,0.07,0,0
gold,dynamic,none,TRUE,6,0.08,2,0
gold,dynamic,none,TRUE,5,0.07,0,0
gold,dynamic,none,TRUE,9,0.07,2,0
gold,dynamic,none,TRUE,6,0.07,0,0
gold,dynamic,none,TRUE,6,0.07,2,0
gold,dynamic,none,TRUE,7,0.07,2,0
gold,dynamic,none,TRUE,6,0.07,2,0
gold,dynamic,none,TRUE,6,0.07,2,0
gold,dynamic,none,TRUE,5,0.07,0,0
gold,dynamic,none,TRUE,6,0.07,2,0
gold,dynamic,none,TRUE,7,0.07,2,0
gold,dynamic,none,TRUE,7,0.07,2,0
gold,dynamic,none,TRUE,5,0.07,0,0
gold,dynamic,none,TRUE,10,0.07,3,0
gold,dynamic,none,TRUE,7,0.07,2,0
gold,dynamic,none,TRUE,6,0.07,2,0
gold,dynamic,none,TRUE,6,0.07,2,0
gold,dynamic,none,TRUE,5,0.07,0,0
gold,dynamic,none,TRUE,7,0.07,2,0
gold,dynamic,none,TRUE,5,0.07,0,0
gold,dynamic,none,TRUE,7,0.06,2,0
gold,dynamic,none,TRUE,5,0.07,0,0
gold,dynamic,none,TRUE,6,0.07,0,0
gold,dynamic,none,TRUE,5,0.07,0,0
gold,dynamic,none,TRUE,5,0.06,0,0
gold,dynamic,none,TRUE,10,0.07,3,0
gold,dynamic,none,TRUE,9,0.07,2,0
gold,dynamic,none,TRUE,7,0.07,2,0
gold,dynamic,none,TRUE,6,0.08,2,0
gold,dynamic,none,TRUE,5,0.06,0,0
gold,dynamic,none,TRUE,6,0.07,0,0
gold,dynamic,none,TRUE,6,0.07,0,0
gold,dynamic,none,TRUE,6,0.07,2,0
gold,dynamic,none,TRUE,5,0.06,0,0
gold,dynamic,none,TRUE,13,0.07,4,0
gold,dynamic,none,TRUE,6,0.07,2,0
gold,dynamic,none,TRUE,6,0.07,0,0
gold,dynamic,none,TRUE,6,0.07,0,0
gold,dynamic,none,TRUE,5,0.07,0,0
gold,dynamic,none,TRUE,8,0.07,2,0
gold,dynamic,none,TRUE,6,0.06,0,0
gold,dynamic,none,TRUE,7,0.06,2,0
gold,dynamic,none,TRUE,6,0.07,2,0
gold,dynamic,none,TRUE,7,0.07,2,0
gold,dynamic,none,TRUE,6,0.08,0,0
gold,dynamic,one,TRUE,4,0.07,1,0
gold,dynamic,one,TRUE,5,0.06,2,0
gold,dynamic,one,TRUE,7,0.07,3,0
gold,dynamic,one,TRUE,3,0.07,2,0
gold,dynamic,one,TRUE,5,0.07,1,0
gold,dynamic,one,TRUE,5,0.07,2,0
gold,dynamic,one,TRUE,5,0.07,1,0
gold,dynamic,one,TRUE,5,0.07,1,0
gold,dynamic,one,TRUE,4,0.06,1,0
gold,dynamic,one,TRUE,5,0.07,1,0
gold,dynamic,one,TRUE,3,0.07,2,0
gold,dynamic,one,TRUE,4,0.07,1,0
gold,dynamic,one,TRUE,5,0.07,1,0
gold,dynamic,one,TRUE,5,0.07,1,0
gold,dynamic,one,TRUE,5,0.07,2,0
gold,dynamic,one,TRUE,5,0.07,1,0
gold,dynamic,one,TRUE,5,0.07,2,0
gold,dynamic,one,TRUE,5,0.07,1,0
gold,dynamic,one,TRUE,5,0.07,1,0
gold,dynamic,one,TRUE,5,0.07,1,0
gold,dynamic,one,TRUE,3,0.06,1,0
gold,dynamic,one,TRUE,9,0.07,3,0
gold,dynamic,one,TRUE,8,0.07,2,0
gold,dynamic,one,TRUE,4,0.07,1,0
gold,dynamic,one,TRUE,4,0.07,1,0
gold,dynamic,one,TRUE,7,0.07,2,0
gold,dynamic,one,TRUE,5,0.07,3,0
gold,dynamic,one,TRUE,5,0.07,2,0
gold,dynamic,one,TRUE,4,0.06,1,0
gold,dynamic,one,TRUE,5,0.07,1,0
gold,dynamic,one,TRUE,4,0.07,1,0
gold,dynamic,one,TRUE,5,0.07,1,0
gold,dynamic,one,TRUE,3,0.07,2,0
gold,dynamic,one,TRUE,6,0.08,1,0
gold,dynamic,one,TRUE,3,0.08,1,0
gold,dynamic,one,TRUE,4,0.07,1,0
gold,dynamic,one,TRUE,8,0.07,3,0
gold,dynamic,one,TRUE,4,0.07,1,0
gold,dynamic,one,TRUE,5,0.07,1,0
gold,dynamic,one,TRUE,4,0.07,1,0
gold,dynamic,one,TRUE,5,0.07,1,0
gold,dynamic,one,TRUE,4,0.07,2,0
gold,dynamic,one,TRUE,5,0.08,1,0
gold,dynamic,one,TRUE,4,0.07,1,0
gold,dynamic,one,TRUE,4,0.07,3,0
gold,dynamic,one,TRUE,4,0.07,1,0
gold,dynamic,one,TRUE,8,0.07,2,0
gold,dynamic,one,TRUE,6,0.07,2,0
gold,dynamic,one,TRUE,5,0.07,1,0
gold,dynamic,one,TRUE,6,0.07,2,0
gold,dynamic,two,TRUE,5,0.07,1,0
gold,dynamic,two,TRUE,3,0.06,2,0
gold,dynamic,two,TRUE,3,0.06,1,0
gold,dynamic,two,TRUE,4,0.07,2,0
gold,dynamic,two,TRUE,5,0.07,1,0
gold,dynamic,two,TRUE,4,0.07,2,0
gold,dynamic,two,TRUE,4,0.06,1,1
gold,dynamic,two,TRUE,4,0.07,1,1
gold,dynamic,two,TRUE,3,0.06,2,0
gold,dynamic,two,TRUE,4,0.07,1,0
gold,dynamic,two,TRUE,7,0.07,2,0
gold,dynamic,two,TRUE,4,0.07,2,0
gold,dynamic,two,TRUE,4,0.07,1,0
gold,dynamic,two,TRUE,4,0.07,1,1
gold,dynamic,two,TRUE,5,0.07,2,0
gold,dynamic,two,TRUE,4,0.07,2,0
gold,dynamic,two,TRUE,3,0.07,1,1
gold,dynamic,two,TRUE,10,0.07,2,1
gold,dynamic,two,TRUE,3,0.06,2,0
gold,dynamic,two,TRUE,3,0.07,1,0
gold,dynamic,two,TRUE,3,0.07,1,0
gold,dynamic,two,TRUE,3,0.07,2,0
gold,dynamic,two,TRUE,5,0.07,1,0
gold,dynamic,two,TRUE,3,0.06,1,0
gold,dynamic,two,TRUE,5,0.07,1,1
gold,dynamic,two,TRUE,4,0.08,1,0
gold,dynamic,two,TRUE,4,0.07,1,1
gold,dynamic,two,TRUE,7,0.07,3,0
gold,dynamic,two,TRUE,10,0.07,3,1
gold,dynamic,two,TRUE,4,0.06,1,0
gold,dynamic,two,TRUE,4,0.07,1,1
gold,dynamic,two,TRUE,4,0.07,2,0
gold,dynamic,two,TRUE,4,0.07,1,0
gold,dynamic,two,TRUE,4,0.07,1,0
gold,dynamic,two,TRUE,4,0.08,1,0
gold,dynamic,two,TRUE,4,0.08,1,0
gold,dynamic,two,TRUE,5,0.07,3,0
gold,dynamic,two,TRUE,5,0.07,2,0
gold,dynamic,two,TRUE,3,0.07,2,0
gold,dynamic,two,TRUE,5,0.07,1,1
gold,dynamic,two,TRUE,7,0.07,2,0
gold,dynamic,two,TRUE,5,0.07,2,0
gold,dynamic,two,TRUE,3,0.06,1,0
gold,dynamic,two,TRUE,7,0.07,2,1
gold,dynamic,two,TRUE,3,0.06,1,1
gold,dynamic,two,TRUE,6,0.11,3,0
gold,dynamic,two,TRUE,3,0.06,2,0
gold,dynamic,two,TRUE,4,0.07,1,1
gold,dynamic,two,TRUE,4,0.07,1,0
gold,dynamic,two,TRUE,4,0.06,1,0
gold,dynamic,three,TRUE,6,0.07,1,1
gold,dynamic,three,TRUE,3,0.07,1,0
gold,dynamic,three,TRUE,4,0.07,1,1
gold,dynamic,three,TRUE,4,0.07,1,0
gold,dynamic,three,TRUE,4,0.07,2,0
gold,dynamic,three,TRUE,7,0.07,2,0
gold,dynamic,three,TRUE,3,0.07,1,1
gold,dynamic,three,TRUE,3,0.07,1,1
gold,dynamic,three,TRUE,2,0.07,2,0
gold,dynamic,three,TRUE,3,0.08,2,0
gold,dynamic,three,TRUE,5,0.07,1,1
gold,dynamic,three,TRUE,5,0.07,1,0
gold,dynamic,three,TRUE,5,0.07,1,1
gold,dynamic,three,TRUE,7,0.07,1,1
gold,dynamic,three,TRUE,5,0.06,1,1
gold,dynamic,three,TRUE,5,0.07,1,1
gold,dynamic,three,TRUE,4,0.07,1,1
gold,dynamic,three,TRUE,4,0.07,1,1
gold,dynamic,three,TRUE,3,0.07,1,0
gold,dynamic,three,TRUE,6,0.07,3,0
gold,dynamic,three,TRUE,4,0.07,2,0
gold,dynamic,three,TRUE,4,0.07,1,0
gold,dynamic,three,TRUE,3,0.07,2,0
gold,dynamic,three,TRUE,3,0.06,1,1
gold,dynamic,three,TRUE,4,0.07,1,1
gold,dynamic,three,TRUE,3,0.07,1,1
gold,dynamic,three,TRUE,4,0.07,2,0
gold,dynamic,three,TRUE,5,0.07,1,0
gold,dynamic,three,TRUE,7,0.07,3,0
gold,dynamic,three,TRUE,6,0.07,2,1
gold,dynamic,three,TRUE,5,0.07,1,0
gold,dynamic,three,TRUE,7,0.07,2,1
gold,dynamic,three,TRUE,4,0.07,1,1
gold,dynamic,three,TRUE,5,0.07,1,1
gold,dynamic,three,TRUE,5,0.06,1,1
gold,dynamic,three,TRUE,4,0.07,1,1
gold,dynamic,three,TRUE,8,0.07,2,1
gold,dynamic,three,TRUE,4,0.07,1,1
gold,dynamic,three,TRUE,7,0.08,1,0
gold,dynamic,three,TRUE,3,0.07,1,1
gold,dynamic,three,TRUE,5,0.07,1,1
gold,dynamic,three,TRUE,4,0.07,1,1
gold,dynamic,three,TRUE,6,0.07,1,0
gold,dynamic,three,TRUE,7,0.07,2,1
gold,dynamic,three,TRUE,4,0.07,1,1
gold,dynamic,three,TRUE,4,0.07,1,1
gold,dynamic,three,TRUE,3,0.07,1,1
gold,dynamic,three,TRUE,5,0.07,1,1
gold,dynamic,three,TRUE,4,0.07,1,0
gold,dynamic,three,TRUE,4,0.07,1,1
gold,static,none,TRUE,6,0.02,0,0
gold,static,none,TRUE,6,0.02,0,0
gold,static,none,TRUE,7,0.02,0,0
gold,static,none,TRUE,9,0.02,0,0
gold,static,none,TRUE,7,0.02,0,0
gold,static,none,TRUE,6,0.02,0,0
gold,static,none,TRUE,7,0.02,0,0
gold,static,none,TRUE,5,0.02,0,0
gold,static,none,TRUE,6,0.02,0,0
gold,static,none,TRUE,6,0.03,0,0
gold,static,none,TRUE,6,0.03,0,0
gold,static,none,TRUE,5,0.02,0,0
gold,static,none,TRUE,6,0.02,0,0
gold,static,none,TRUE,5,0.02,0,0
gold,static,none,TRUE,6,0.02,0,0
gold,static,none,TRUE,7,0.02,0,0
gold,static,none,TRUE,6,0.02,0,0
gold,static,none,TRUE,9,0.02,0,0
gold,static,none,TRUE,6,0.02,0,0
gold,static,none,TRUE,6,0.02,0,0
gold,static,none,TRUE,6,0.02,0,0
gold,static,none,TRUE,5,0.02,0,0
gold,static,none,TRUE,6,0.02,0,0
gold,static,none,TRUE,6,0.02,0,0
gold,static,none,TRUE,5,0.02,0,0
gold,static,none,TRUE,6,0.02,0,0
gold,static,none,TRUE,6,0.02,0,0
gold,static,none,TRUE,7,0.02,0,0
gold,static,none,TRUE,6,0.02,0,0
gold,static,none,TRUE,5,0.02,0,0
gold,static,none,TRUE,6,0.02,0,0
gold,static,none,TRUE,7,0.02,0,0
gold,static,none,TRUE,10,0.02,0,0
gold,static,none,TRUE,7,0.02,0,0
gold,static,none,TRUE,6,0.02,0,0
gold,static,none,TRUE,6,0.02,0,0
gold,static,none,TRUE,5,0.02,0,0
gold,static,none,TRUE,5,0.02,0,0
gold,static,none,TRUE,6,0.02,0,0
gold,static,none,TRUE,6,0.02,0,0
gold,static,none,TRUE,6,0.02,0,0
gold,static,none,TRUE,7,0.02,0,0
gold,static,none,TRUE,5,0.02,0,0
gold,static,none,TRUE,7,0.02,0,0
gold,static,none,TRUE,5,0.02,0,0
gold,static,none,TRUE,6,0.02,0,0
gold,static,none,TRUE,9,0.02,0,0
gold,static,none,TRUE,6,0.02,0,0
gold,static,none,TRUE,5,0.02,0,0
gold,static,none,TRUE,6,0.02,0,0
gold,static,one,TRUE,6,0.02,0,1
gold,static,one,TRUE,9,0.02,0,2
gold,static,one,TRUE,6,0.02,0,1
gold,static,one,TRUE,5,0.02,0,1
gold,static,one,TRUE,7,0.02,0,2
gold,static,one,TRUE,6,0.02,0,2
gold,static,one,TRUE,6,0.02,0,1
gold,static,one,TRUE,5,0.02,0,1
gold,static,one,TRUE,7,0.02,0,1
gold,static,one,TRUE,6,0.02,0,1
gold,static,one,TRUE,7,0.02,0,2
gold,static,one,TRUE,5,0.02,0,1
gold,static,one,TRUE,6,0.02,0,1
gold,static,one,TRUE,5,0.02,0,1
gold,static,one,TRUE,6,0.02,0,1
gold,static,one,TRUE,13,0.02,0,3
gold,static,one,TRUE,7,0.02,0,1
gold,static,one,TRUE,5,0.02,0,1
gold,static,one,TRUE,6,0.02,0,2
gold,static,one,TRUE,7,0.02,0,1
gold,static,one,TRUE,7,0.02,0,2
gold,static,one,TRUE,6,0.02,0,2
gold,static,one,TRUE,5,0.02,0,2
gold,static,one,TRUE,5,0.02,0,2
gold,static,one,TRUE,7,0.02,0,3
gold,static,one,TRUE,5,0.02,0,1
gold,static,one,TRUE,7,0.02,0,1
gold,static,one,TRUE,7,0.02,0,2
gold,static,one,TRUE,6,0.02,0,2
gold,static,one,TRUE,5,0.02,0,1
gold,static,one,TRUE,5,0.02,0,3
gold,static,one,TRUE,5,0.02,0,1
gold,static,one,TRUE,6,0.02,0,2
gold,static,one,TRUE,9,0.02,0,3
gold,static,one,TRUE,7,0.02,0,2
gold,static,one,TRUE,6,0.02,0,2
gold,static,one,TRUE,5,0.02,0,1
gold,static,one,TRUE,7,0.02,0,2
gold,static,one,TRUE,7,0.02,0,3
gold,static,one,TRUE,5,0.02,0,0
gold,static,one,TRUE,5,0.02,0,1
gold,static,one,TRUE,5,0.02,0,2
gold,static,one,TRUE,5,0.02,0,1
gold,static,one,TRUE,5,0.02,0,1
gold,static,one,TRUE,6,0.02,0,1
gold,static,one,TRUE,5,0.02,0,2
gold,static,one,TRUE,6,0.02,0,1
gold,static,one,TRUE,6,0.02,0,1
gold,static,one,TRUE,7,0.02,0,2
gold,static,one,TRUE,6,0.02,0,3
gold,static,two,TRUE,6,0.02,0,3
gold,static,two,TRUE,6,0.02,0,3
gold,static,two,TRUE,7,0.02,0,3
gold,static,two,TRUE,6,0.03,0,3
gold,static,two,TRUE,5,0.02,0,3
gold,static,two,TRUE,6,0.02,0,3
gold,static,two,TRUE,7,0.02,0,2
gold,static,two,TRUE,7,0.02,0,3
gold,static,two,TRUE,6,0.02,0,2
gold,static,two,TRUE,6,0.02,0,2
gold,static,two,TRUE,5,0.02,0,2
gold,static,two,TRUE,5,0.02,0,2
gold,static,two,TRUE,6,0.03,0,3
gold,static,two,TRUE,5,0.02,0,2
gold,static,two,TRUE,6,0.02,0,2
gold,static,two,TRUE,7,0.02,0,3
gold,static,two,TRUE,5,0.02,0,1
gold,static,two,TRUE,8,0.02,0,3
gold,static,two,TRUE,6,0.02,0,3
gold,static,two,TRUE,5,0.02,0,1
gold,static,two,TRUE,6,0.02,0,3
gold,static,two,TRUE,7,0.03,0,3
gold,static,two,TRUE,5,0.02,0,3
gold,static,two,TRUE,6,0.02,0,3
gold,static,two,TRUE,6,0.02,0,2
gold,static,two,TRUE,5,0.02,0,2
gold,static,two,TRUE,6,0.02,0,3
gold,static,two,TRUE,8,0.03,0,2
gold,static,two,TRUE,15,0.02,0,4
gold,static,two,TRUE,10,0.02,0,4
gold,static,two,TRUE,6,0.02,0,2
gold,static,two,TRUE,5,0.02,0,2
gold,static,two,TRUE,6,0.02,0,3
gold,static,two,TRUE,5,0.02,0,3
gold,static,two,TRUE,6,0.02,0,1
gold,static,two,TRUE,8,0.02,0,3
gold,static,two,TRUE,6,0.02,0,3
gold,static,two,TRUE,6,0.02,0,1
gold,static,two,TRUE,5,0.02,0,2
gold,static,two,TRUE,6,0.02,0,2
gold,static,two,TRUE,5,0.02,0,2
gold,static,two,TRUE,9,0.02,0,3
gold,static,two,TRUE,7,0.02,0,2
gold,static,two,TRUE,7,0.02,0,3
gold,static,two,TRUE,6,0.02,0,2
gold,static,two,TRUE,6,0.02,0,3
gold,static,two,TRUE,6,0.02,0,2
gold,static,two,TRUE,7,0.02,0,3
gold,static,two,TRUE,6,0.02,0,2
gold,static,two,TRUE,6,0.02,0,1
gold,static,three,TRUE,6,0.02,0,3
gold,static,three,TRUE,6,0.02,0,3
gold,static,three,TRUE,6,0.02,0,3
gold,static,three,TRUE,6,0.02,0,3
gold,static,three,TRUE,5,0.03,0,3
gold,static,three,TRUE,6,0.04,0,2
gold,static,three,TRUE,7,0.02,0,2
gold,static,three,TRUE,6,0.02,0,3
gold,static,three,TRUE,5,0.02,0,3
gold,static,three,TRUE,9,0.02,0,4
gold,static,three,TRUE,7,0.02,0,2
gold,static,three,TRUE,6,0.02,0,3
gold,static,three,TRUE,7,0.02,0,3
gold,static,three,TRUE,6,0.02,0,3
gold,static,three,TRUE,7,0.02,0,2
gold,static,three,TRUE,6,0.02,0,3
gold,static,three,TRUE,5,0.02,0,3
gold,static,three,TRUE,9,0.02,0,3
gold,static,three,TRUE,5,0.02,0,2
gold,static,three,TRUE,7,0.05,0,3
gold,static,three,TRUE,9,0.07,0,4
gold,static,three,TRUE,6,0.02,0,3
gold,static,three,TRUE,5,0.02,0,3
gold,static,three,TRUE,5,0.04,0,2
gold,static,three,TRUE,7,0.02,0,3
gold,static,three,TRUE,13,0.03,0,5
gold,static,three,TRUE,7,0.03,0,3
gold,static,three,TRUE,6,0.02,0,3
gold,static,three,TRUE,7,0.02,0,3
gold,static,three,TRUE,7,0.02,0,3
gold,static,three,TRUE,7,0.02,0,2
gold,static,three,TRUE,6,0.02,0,3
gold,static,three,TRUE,6,0.02,0,3
gold,static,three,TRUE,7,0.02,0,2
gold,static,three,TRUE,6,0.02,0,3
gold,static,three,TRUE,6,0.02,0,3
gold,static,three,TRUE,5,0.02,0,2
gold,static,three,TRUE,5,0.02,0,2
gold,static,three,TRUE,6,0.03,0,3
gold,static,three,TRUE,7,0.02,0,2
gold,static,three,TRUE,6,0.02,0,3
gold,static,three,TRUE,6,0.02,0,3
gold,static,three,TRUE,5,0.04,0,3
gold,static,three,TRUE,5,0.03,0,3
gold,static,three,TRUE,5,0.02,0,3
gold,static,three,TRUE,8,0.02,0,3
gold,static,three,TRUE,5,0.03,0,3
gold,static,three,TRUE,5,0.02,0,3
gold,static,three,TRUE,7,0.02,0,3
gold,static,three,TRUE,6,0.04,0,2
bartender,dynamic,none,TRUE,5,0.03,0,0
bartender,dynamic,none,TRUE,6,0.04,0,0
bartender,dynamic,none,TRUE,6,0.04,0,0
bartender,dynamic,none,TRUE,5,0.04,0,0
bartender,dynamic,none,TRUE,6,0.04,0,0
bartender,dynamic,none,TRUE,5,0.04,0,0
bartender,dynamic,none,TRUE,5,0.04,0,0
bartender,dynamic,none,TRUE,5,0.04,0,0
bartender,dynamic,none,TRUE,6,0.04,0,0
bartender,dynamic,none,TRUE,5,0.03,0,0
bartender,dynamic,none,TRUE,5,0.03,0,0
bartender,dynamic,none,TRUE,6,0.04,0,0
bartender,dynamic,none,TRUE,5,0.04,0,0
bartender,dynamic,none,TRUE,5,0.03,0,0
bartender,dynamic,none,TRUE,5,0.04,0,0
bartender,dynamic,none,TRUE,6,0.04,0,0
bartender,dynamic,none,TRUE,6,0.04,0,0
bartender,dynamic,none,TRUE,5,0.04,0,0
bartender,dynamic,none,TRUE,6,0.04,0,0
bartender,dynamic,none,TRUE,5,0.04,0,0
bartender,dynamic,none,TRUE,5,0.04,0,0
bartender,dynamic,none,TRUE,5,0.04,0,0
bartender,dynamic,none,TRUE,6,0.04,0,0
bartender,dynamic,none,TRUE,5,0.04,0,0
bartender,dynamic,none,TRUE,5,0.04,0,0
bartender,dynamic,none,TRUE,5,0.04,0,0
bartender,dynamic,none,TRUE,5,0.04,0,0
bartender,dynamic,none,TRUE,6,0.04,0,0
bartender,dynamic,none,TRUE,6,0.04,0,0
bartender,dynamic,none,TRUE,5,0.04,0,0
bartender,dynamic,none,TRUE,5,0.04,0,0
bartender,dynamic,none,TRUE,6,0.04,0,0
bartender,dynamic,none,TRUE,5,0.04,0,0
bartender,dynamic,none,TRUE,6,0.04,0,0
bartender,dynamic,none,TRUE,6,0.04,0,0
bartender,dynamic,none,TRUE,5,0.04,0,0
bartender,dynamic,none,TRUE,5,0.03,0,0
bartender,dynamic,none,TRUE,5,0.04,0,0
bartender,dynamic,none,TRUE,6,0.04,0,0
bartender,dynamic,none,TRUE,5,0.04,0,0
bartender,dynamic,none,TRUE,6,0.04,0,0
bartender,dynamic,none,TRUE,5,0.04,0,0
bartender,dynamic,none,TRUE,5,0.04,0,0
bartender,dynamic,none,TRUE,6,0.03,0,0
bartender,dynamic,none,TRUE,6,0.04,0,0
bartender,dynamic,none,TRUE,5,0.04,0,0
bartender,dynamic,none,TRUE,5,0.04,0,0
bartender,dynamic,none,TRUE,6,0.03,0,0
bartender,dynamic,none,TRUE,5,0.03,0,0
bartender,dynamic,none,TRUE,5,0.04,0,0
bartender,dynamic,one,TRUE,4,0.04,1,0
bartender,dynamic,one,TRUE,4,0.03,1,0
bartender,dynamic,one,TRUE,3,0.04,1,0
bartender,dynamic,one,TRUE,4,0.04,1,0
bartender,dynamic,one,TRUE,5,0.04,2,0
bartender,dynamic,one,TRUE,3,0.03,2,0
bartender,dynamic,one,TRUE,4,0.04,1,0
bartender,dynamic,one,TRUE,4,0.04,1,0
bartender,dynamic,one,TRUE,3,0.03,2,0
bartender,dynamic,one,TRUE,5,0.04,1,0
bartender,dynamic,one,TRUE,4,0.04,1,0
bartender,dynamic,one,TRUE,5,0.04,1,0
bartender,dynamic,one,TRUE,5,0.04,1,0
bartender,dynamic,one,TRUE,5,0.04,1,0
bartender,dynamic,one,TRUE,3,0.03,1,0
bartender,dynamic,one,TRUE,5,0.05,1,1
bartender,dynamic,one,TRUE,4,0.04,1,0
bartender,dynamic,one,TRUE,4,0.04,1,1
bartender,dynamic,one,TRUE,4,0.04,1,0
bartender,dynamic,one,TRUE,4,0.03,1,1
bartender,dynamic,one,TRUE,5,0.04,1,0
bartender,dynamic,one,TRUE,3,0.04,1,1
bartender,dynamic,one,TRUE,4,0.04,1,0
bartender,dynamic,one,TRUE,5,0.04,1,1
bartender,dynamic,one,TRUE,4,0.06,1,0
bartender,dynamic,one,TRUE,3,0.03,2,0
bartender,dynamic,one,TRUE,4,0.04,1,1
bartender,dynamic,one,TRUE,5,0.04,1,0
bartender,dynamic,one,TRUE,4,0.04,1,0
bartender,dynamic,one,TRUE,5,0.04,1,1
bartender,dynamic,one,TRUE,4,0.04,1,0
bartender,dynamic,one,TRUE,4,0.04,1,0
bartender,dynamic,one,TRUE,5,0.04,1,0
bartender,dynamic,one,TRUE,5,0.04,1,1
bartender,dynamic,one,TRUE,3,0.04,1,0
bartender,dynamic,one,TRUE,4,0.04,1,0
bartender,dynamic,one,TRUE,5,0.04,0,0
bartender,dynamic,one,TRUE,5,0.03,1,0
bartender,dynamic,one,TRUE,4,0.04,1,0
bartender,dynamic,one,TRUE,3,0.04,1,0
bartender,dynamic,one,TRUE,3,0.03,2,0
bartender,dynamic,one,TRUE,6,0.04,0,0
bartender,dynamic,one,TRUE,5,0.03,1,0
bartender,dynamic,one,TRUE,4,0.04,1,1
bartender,dynamic,one,TRUE,4,0.04,1,0
bartender,dynamic,one,TRUE,4,0.04,1,1
bartender,dynamic,one,TRUE,3,0.04,1,0
bartender,dynamic,one,TRUE,4,0.04,1,1
bartender,dynamic,one,TRUE,3,0.04,1,0
bartender,dynamic,one,TRUE,4,0.04,1,0
bartender,dynamic,two,TRUE,4,0.04,1,0
bartender,dynamic,two,TRUE,4,0.04,2,0
bartender,dynamic,two,TRUE,2,0.04,1,0
bartender,dynamic,two,TRUE,3,0.04,1,0
bartender,dynamic,two,TRUE,4,0.04,1,0
bartender,dynamic,two,TRUE,3,0.04,2,0
bartender,dynamic,two,TRUE,3,0.03,1,1
bartender,dynamic,two,TRUE,2,0.03,1,0
bartender,dynamic,two,TRUE,3,0.04,2,0
bartender,dynamic,two,TRUE,3,0.03,1,0
bartender,dynamic,two,TRUE,4,0.04,1,1
bartender,dynamic,two,TRUE,3,0.04,1,0
bartender,dynamic,two,TRUE,4,0.04,1,1
bartender,dynamic,two,TRUE,3,0.04,2,0
bartender,dynamic,two,TRUE,4,0.04,1,1
bartender,dynamic,two,TRUE,5,0.04,1,1
bartender,dynamic,two,TRUE,3,0.04,2,0
bartender,dynamic,two,TRUE,4,0.04,1,0
bartender,dynamic,two,TRUE,5,0.04,1,0
bartender,dynamic,two,TRUE,3,0.04,1,1
bartender,dynamic,two,TRUE,3,0.04,1,0
bartender,dynamic,two,TRUE,4,0.04,1,0
bartender,dynamic,two,TRUE,4,0.04,1,0
bartender,dynamic,two,TRUE,5,0.04,1,1
bartender,dynamic,two,TRUE,3,0.04,1,0
bartender,dynamic,two,TRUE,3,0.04,1,0
bartender,dynamic,two,TRUE,3,0.04,1,1
bartender,dynamic,two,TRUE,3,0.04,1,0
bartender,dynamic,two,TRUE,5,0.04,2,1
bartender,dynamic,two,TRUE,2,0.04,1,0
bartender,dynamic,two,TRUE,3,0.04,1,0
bartender,dynamic,two,TRUE,3,0.04,1,0
bartender,dynamic,two,TRUE,4,0.06,1,2
bartender,dynamic,two,TRUE,3,0.04,1,0
bartender,dynamic,two,TRUE,3,0.04,1,0
bartender,dynamic,two,TRUE,2,0.04,1,0
bartender,dynamic,two,TRUE,3,0.04,1,0
bartender,dynamic,two,TRUE,3,0.04,1,0
bartender,dynamic,two,TRUE,3,0.04,1,0
bartender,dynamic,two,TRUE,4,0.03,1,0
bartender,dynamic,two,TRUE,3,0.03,1,1
bartender,dynamic,two,TRUE,3,0.04,1,0
bartender,dynamic,two,TRUE,3,0.04,1,1
bartender,dynamic,two,TRUE,3,0.04,1,0
bartender,dynamic,two,TRUE,3,0.04,1,0
bartender,dynamic,two,TRUE,3,0.04,1,0
bartender,dynamic,two,TRUE,3,0.03,1,1
bartender,dynamic,two,TRUE,3,0.04,2,0
bartender,dynamic,two,TRUE,4,0.04,1,1
bartender,dynamic,two,TRUE,3,0.04,1,0
bartender,dynamic,three,TRUE,3,0.04,1,1
bartender,dynamic,three,TRUE,4,0.04,1,1
bartender,dynamic,three,TRUE,3,0.04,1,0
bartender,dynamic,three,TRUE,4,0.04,1,0
bartender,dynamic,three,TRUE,4,0.04,1,1
bartender,dynamic,three,TRUE,3,0.04,1,1
bartender,dynamic,three,TRUE,4,0.04,1,2
bartender,dynamic,three,TRUE,3,0.04,1,1
bartender,dynamic,three,TRUE,2,0.04,1,0
bartender,dynamic,three,TRUE,3,0.04,1,0
bartender,dynamic,three,TRUE,2,0.04,1,0
bartender,dynamic,three,TRUE,3,0.04,1,0
bartender,dynamic,three,TRUE,2,0.04,1,0
bartender,dynamic,three,TRUE,3,0.04,1,1
bartender,dynamic,three,TRUE,3,0.04,2,0
bartender,dynamic,three,TRUE,3,0.04,1,1
bartender,dynamic,three,TRUE,2,0.04,1,0
bartender,dynamic,three,TRUE,3,0.04,1,1
bartender,dynamic,three,TRUE,3,0.04,1,0
bartender,dynamic,three,TRUE,3,0.04,1,0
bartender,dynamic,three,TRUE,3,0.04,1,0
bartender,dynamic,three,TRUE,3,0.04,1,0
bartender,dynamic,three,TRUE,4,0.04,1,0
bartender,dynamic,three,TRUE,3,0.04,1,0
bartender,dynamic,three,TRUE,4,0.04,1,1
bartender,dynamic,three,TRUE,2,0.04,1,0
bartender,dynamic,three,TRUE,4,0.04,1,1
bartender,dynamic,three,TRUE,5,0.04,1,2
bartender,dynamic,three,TRUE,3,0.04,1,1
bartender,dynamic,three,TRUE,4,0.04,1,2
bartender,dynamic,three,TRUE,3,0.04,2,0
bartender,dynamic,three,TRUE,4,0.04,1,1
bartender,dynamic,three,TRUE,4,0.04,1,1
bartender,dynamic,three,TRUE,5,0.04,1,2
bartender,dynamic,three,TRUE,3,0.05,1,0
bartender,dynamic,three,TRUE,2,0.04,2,0
bartender,dynamic,three,TRUE,3,0.04,1,1
bartender,dynamic,three,TRUE,2,0.04,1,0
bartender,dynamic,three,TRUE,3,0.04,1,0
bartender,dynamic,three,TRUE,3,0.04,1,0
bartender,dynamic,three,TRUE,2,0.04,1,0
bartender,dynamic,three,TRUE,2,0.04,1,0
bartender,dynamic,three,TRUE,4,0.04,1,1
bartender,dynamic,three,TRUE,3,0.04,1,0
bartender,dynamic,three,TRUE,3,0.04,1,0
bartender,dynamic,three,TRUE,4,0.04,1,2
bartender,dynamic,three,TRUE,2,0.04,1,0
bartender,dynamic,three,TRUE,3,0.04,1,0
bartender,dynamic,three,TRUE,3,0.04,1,0
bartender,dynamic,three,TRUE,4,0.04,1,2
bartender,static,none,TRUE,5,0.02,0,0
bartender,static,none,TRUE,5,0.01,0,0
bartender,static,none,TRUE,5,0.02,0,0
bartender,static,none,TRUE,5,0.02,0,0
bartender,static,none,TRUE,5,0.02,0,0
bartender,static,none,TRUE,5,0.02,0,0
bartender,static,none,TRUE,5,0.02,0,0
bartender,static,none,TRUE,6,0.02,0,0
bartender,static,none,TRUE,5,0.01,0,0
bartender,static,none,TRUE,6,0.01,0,0
bartender,static,none,TRUE,6,0.02,0,0
bartender,static,none,TRUE,5,0.01,0,0
bartender,static,none,TRUE,6,0.02,0,0
bartender,static,none,TRUE,5,0.02,0,0
bartender,static,none,TRUE,6,0.01,0,0
bartender,static,none,TRUE,5,0.01,0,0
bartender,static,none,TRUE,5,0.01,0,0
bartender,static,none,TRUE,5,0.01,0,0
bartender,static,none,TRUE,5,0.02,0,0
bartender,static,none,TRUE,5,0.01,0,0
bartender,static,none,TRUE,6,0.02,0,0
bartender,static,none,TRUE,5,0.01,0,0
bartender,static,none,TRUE,6,0.02,0,0
bartender,static,none,TRUE,6,0.02,0,0
bartender,static,none,TRUE,6,0.02,0,0
bartender,static,none,TRUE,6,0.01,0,0
bartender,static,none,TRUE,5,0.01,0,0
bartender,static,none,TRUE,6,0.01,0,0
bartender,static,none,TRUE,5,0.01,0,0
bartender,static,none,TRUE,5,0.02,0,0
bartender,static,none,TRUE,5,0.02,0,0
bartender,static,none,TRUE,5,0.01,0,0
bartender,static,none,TRUE,5,0.01,0,0
bartender,static,none,TRUE,5,0.01,0,0
bartender,static,none,TRUE,5,0.01,0,0
bartender,static,none,TRUE,5,0.01,0,0
bartender,static,none,TRUE,5,0.02,0,0
bartender,static,none,TRUE,5,0.01,0,0
bartender,static,none,TRUE,5,0.01,0,0
bartender,static,none,TRUE,5,0.02,0,0
bartender,static,none,TRUE,5,0.01,0,0
bartender,static,none,TRUE,5,0.01,0,0
bartender,static,none,TRUE,5,0.01,0,0
bartender,static,none,TRUE,5,0.01,0,0
bartender,static,none,TRUE,5,0.01,0,0
bartender,static,none,TRUE,5,0.01,0,0
bartender,static,none,TRUE,5,0.01,0,0
bartender,static,none,TRUE,6,0.01,0,0
bartender,static,none,TRUE,6,0.01,0,0
bartender,static,none,TRUE,6,0.01,0,0
bartender,static,one,TRUE,5,0.02,0,2
bartender,static,one,TRUE,7,0.02,0,3
bartender,static,one,TRUE,6,0.02,0,2
bartender,static,one,TRUE,5,0.02,0,1
bartender,static,one,TRUE,6,0.02,0,2
bartender,static,one,TRUE,5,0.02,0,2
bartender,static,one,TRUE,5,0.02,0,2
bartender,static,one,TRUE,6,0.02,0,2
bartender,static,one,TRUE,5,0.02,0,1
bartender,static,one,TRUE,5,0.02,0,1
bartender,static,one,TRUE,5,0.02,0,2
bartender,static,one,TRUE,7,0.02,0,2
bartender,static,one,TRUE,6,0.02,0,1
bartender,static,one,TRUE,5,0.02,0,1
bartender,static,one,TRUE,6,0.02,0,4
bartender,static,one,TRUE,5,0.02,0,1
bartender,static,one,TRUE,5,0.02,0,1
bartender,static,one,TRUE,6,0.02,0,2
bartender,static,one,TRUE,5,0.02,0,2
bartender,static,one,TRUE,6,0.02,0,2
bartender,static,one,TRUE,5,0.02,0,0
bartender,static,one,TRUE,5,0.02,0,2
bartender,static,one,TRUE,5,0.02,0,0
bartender,static,one,TRUE,7,0.01,0,3
bartender,static,one,TRUE,6,0.02,0,2
bartender,static,one,TRUE,5,0.02,0,1
bartender,static,one,TRUE,8,0.02,0,5
bartender,static,one,TRUE,5,0.02,0,1
bartender,static,one,TRUE,6,0.02,0,3
bartender,static,one,TRUE,5,0.02,0,1
bartender,static,one,TRUE,5,0.02,0,2
bartender,static,one,TRUE,5,0.02,0,1
bartender,static,one,TRUE,6,0.02,0,1
bartender,static,one,TRUE,7,0.02,0,2
bartender,static,one,TRUE,5,0.02,0,1
bartender,static,one,TRUE,5,0.02,0,2
bartender,static,one,TRUE,5,0.02,0,1
bartender,static,one,TRUE,6,0.02,0,2
bartender,static,one,TRUE,6,0.02,0,2
bartender,static,one,TRUE,5,0.02,0,1
bartender,static,one,TRUE,5,0.02,0,1
bartender,static,one,TRUE,5,0.02,0,1
bartender,static,one,TRUE,5,0.02,0,1
bartender,static,one,TRUE,6,0.02,0,3
bartender,static,one,TRUE,7,0.02,0,3
bartender,static,one,TRUE,5,0.02,0,1
bartender,static,one,TRUE,5,0.02,0,2
bartender,static,one,TRUE,5,0.02,0,1
bartender,static,one,TRUE,5,0.02,0,2
bartender,static,one,TRUE,6,0.02,0,3
bartender,static,two,TRUE,5,0.02,0,3
bartender,static,two,TRUE,5,0.02,0,3
bartender,static,two,TRUE,5,0.02,0,3
bartender,static,two,TRUE,5,0.02,0,2
bartender,static,two,TRUE,5,0.02,0,2
bartender,static,two,TRUE,5,0.03,0,2
bartender,static,two,TRUE,5,0.02,0,2
bartender,static,two,TRUE,6,0.02,0,3
bartender,static,two,TRUE,5,0.02,0,3
bartender,static,two,TRUE,6,0.02,0,3
bartender,static,two,TRUE,5,0.02,0,2
bartender,static,two,TRUE,5,0.02,0,2
bartender,static,two,TRUE,5,0.02,0,1
bartender,static,two,TRUE,6,0.02,0,4
bartender,static,two,TRUE,7,0.02,0,5
bartender,static,two,TRUE,6,0.02,0,3
bartender,static,two,TRUE,5,0.02,0,3
bartender,static,two,TRUE,5,0.02,0,2
bartender,static,two,TRUE,7,0.02,0,5
bartender,static,two,TRUE,6,0.02,0,2
bartender,static,two,TRUE,5,0.02,0,3
bartender,static,two,TRUE,5,0.02,0,2
bartender,static,two,TRUE,6,0.02,0,2
bartender,static,two,TRUE,5,0.02,0,3
bartender,static,two,TRUE,5,0.02,0,3
bartender,static,two,TRUE,5,0.02,0,3
bartender,static,two,TRUE,6,0.02,0,2
bartender,static,two,TRUE,5,0.02,0,3
bartender,static,two,TRUE,6,0.02,0,3
bartender,static,two,TRUE,5,0.02,0,1
bartender,static,two,TRUE,5,0.02,0,3
bartender,static,two,TRUE,5,0.02,0,3
bartender,static,two,TRUE,5,0.02,0,2
bartender,static,two,TRUE,5,0.02,0,3
bartender,static,two,TRUE,5,0.02,0,2
bartender,static,two,TRUE,5,0.02,0,3
bartender,static,two,TRUE,6,0.02,0,3
bartender,static,two,TRUE,5,0.02,0,1
bartender,static,two,TRUE,5,0.02,0,3
bartender,static,two,TRUE,5,0.02,0,2
bartender,static,two,TRUE,6,0.02,0,4
bartender,static,two,TRUE,7,0.02,0,4
bartender,static,two,TRUE,5,0.02,0,2
bartender,static,two,TRUE,5,0.02,0,2
bartender,static,two,TRUE,6,0.02,0,3
bartender,static,two,TRUE,6,0.02,0,4
bartender,static,two,TRUE,5,0.02,0,1
bartender,static,two,TRUE,6,0.02,0,3
bartender,static,two,TRUE,5,0.02,0,2
bartender,static,two,TRUE,5,0.02,0,3
bartender,static,three,TRUE,6,0.02,0,4
bartender,static,three,TRUE,6,0.02,0,4
bartender,static,three,TRUE,6,0.02,0,2
bartender,static,three,TRUE,6,0.02,0,3
bartender,static,three,TRUE,5,0.02,0,3
bartender,static,three,TRUE,5,0.02,0,3
bartender,static,three,TRUE,5,0.02,0,1
bartender,static,three,TRUE,7,0.02,0,5
bartender,static,three,TRUE,5,0.02,0,2
bartender,static,three,TRUE,6,0.02,0,4
bartender,static,three,TRUE,5,0.02,0,3
bartender,static,three,TRUE,8,0.02,0,6
bartender,static,three,TRUE,7,0.02,0,5
bartender,static,three,TRUE,6,0.02,0,3
bartender,static,three,TRUE,9,0.02,0,7
bartender,static,three,TRUE,6,0.02,0,3
bartender,static,three,TRUE,7,0.02,0,5
bartender,static,three,TRUE,5,0.02,0,3
bartender,static,three,TRUE,7,0.02,0,5
bartender,static,three,TRUE,6,0.02,0,4
bartender,static,three,TRUE,5,0.02,0,3
bartender,static,three,TRUE,6,0.02,0,3
bartender,static,three,TRUE,5,0.02,0,2
bartender,static,three,TRUE,5,0.02,0,3
bartender,static,three,TRUE,5,0.02,0,2
bartender,static,three,TRUE,5,0.02,0,3
bartender,static,three,TRUE,5,0.02,0,3
bartender,static,three,TRUE,6,0.02,0,4
bartender,static,three,TRUE,5,0.02,0,2
bartender,static,three,TRUE,5,0.02,0,2
bartender,static,three,TRUE,6,0.02,0,4
bartender,static,three,TRUE,6,0.02,0,4
bartender,static,three,TRUE,5,0.02,0,3
bartender,static,three,TRUE,5,0.02,0,2
bartender,static,three,TRUE,5,0.02,0,2
bartender,static,three,TRUE,5,0.02,0,3
bartender,static,three,TRUE,5,0.02,0,2
bartender,static,three,TRUE,5,0.02,0,3
bartender,static,three,TRUE,5,0.02,0,2
bartender,static,three,TRUE,6,0.02,0,3
bartender,static,three,TRUE,5,0.02,0,3
bartender,static,three,TRUE,7,0.02,0,4
bartender,static,three,TRUE,7,0.02,0,4
bartender,static,three,TRUE,6,0.02,0,2
bartender,static,three,TRUE,5,0.02,0,2
bartender,static,three,TRUE,9,0.02,0,7
bartender,static,three,TRUE,6,0.02,0,2
bartender,static,three,TRUE,6,0.02,0,3
bartender,static,three,TRUE,7,0.02,0,5
bartender,static,three,TRUE,5,0.02,0,3